{
  "late_fusion_mlp": {
    "S2": {
      "f1_seeds": [
        0.9473684210526315,
        0.8888888888888888,
        0.8888888888888888
      ],
      "acc_seeds": [
        0.9696969696969697,
        0.9393939393939394,
        0.9393939393939394
      ],
      "f1_mean": 0.9083820662768031,
      "f1_std": 0.027567515835732845,
      "acc_mean": 0.9494949494949495,
      "majority_f1_mean": 0.0,
      "n_windows": 33
    },
    "S3": {
      "f1_seeds": [
        0.6,
        0.45454545454545453,
        0.6086956521739131
      ],
      "acc_seeds": [
        0.7575757575757576,
        0.6363636363636364,
        0.7272727272727273
      ],
      "f1_mean": 0.5544137022397891,
      "f1_std": 0.07070668881529836,
      "acc_mean": 0.7070707070707071,
      "majority_f1_mean": 0.0,
      "n_windows": 33
    },
    "S4": {
      "f1_seeds": [
        1.0,
        1.0,
        0.9411764705882353
      ],
      "acc_seeds": [
        1.0,
        1.0,
        0.9696969696969697
      ],
      "f1_mean": 0.9803921568627452,
      "f1_std": 0.027729677693590107,
      "acc_mean": 0.98989898989899,
      "majority_f1_mean": 0.0,
      "n_windows": 33
    },
    "S5": {
      "f1_seeds": [
        0.9090909090909091,
        0.9523809523809523,
        0.9523809523809523
      ],
      "acc_seeds": [
        0.9428571428571428,
        0.9714285714285714,
        0.9714285714285714
      ],
      "f1_mean": 0.9379509379509378,
      "f1_std": 0.02040712211216586,
      "acc_mean": 0.9619047619047619,
      "majority_f1_mean": 0.0,
      "n_windows": 35
    },
    "S6": {
      "f1_seeds": [
        1.0,
        1.0,
        1.0
      ],
      "acc_seeds": [
        1.0,
        1.0,
        1.0
      ],
      "f1_mean": 1.0,
      "f1_std": 0.0,
      "acc_mean": 1.0,
      "majority_f1_mean": 0.0,
      "n_windows": 34
    },
    "S7": {
      "f1_seeds": [
        0.9523809523809523,
        0.9523809523809523,
        0.9523809523809523
      ],
      "acc_seeds": [
        0.9714285714285714,
        0.9714285714285714,
        0.9714285714285714
      ],
      "f1_mean": 0.9523809523809522,
      "f1_std": 1.1102230246251565e-16,
      "acc_mean": 0.9714285714285714,
      "majority_f1_mean": 0.0,
      "n_windows": 35
    },
    "S8": {
      "f1_seeds": [
        0.9090909090909091,
        0.9523809523809523,
        0.9523809523809523
      ],
      "acc_seeds": [
        0.9428571428571428,
        0.9714285714285714,
        0.9714285714285714
      ],
      "f1_mean": 0.9379509379509378,
      "f1_std": 0.02040712211216586,
      "acc_mean": 0.9619047619047619,
      "majority_f1_mean": 0.0,
      "n_windows": 35
    },
    "S9": {
      "f1_seeds": [
        1.0,
        0.9473684210526315,
        0.9473684210526315
      ],
      "acc_seeds": [
        1.0,
        0.9696969696969697,
        0.9696969696969697
      ],
      "f1_mean": 0.9649122807017543,
      "f1_std": 0.024810764252159587,
      "acc_mean": 0.9797979797979798,
      "majority_f1_mean": 0.0,
      "n_windows": 33
    },
    "S10": {
      "f1_seeds": [
        0.88,
        0.9565217391304348,
        0.88
      ],
      "acc_seeds": [
        0.9142857142857143,
        0.9714285714285714,
        0.9142857142857143
      ],
      "f1_mean": 0.9055072463768116,
      "f1_std": 0.036072693764878955,
      "acc_mean": 0.9333333333333332,
      "majority_f1_mean": 0.0,
      "n_windows": 35
    },
    "S11": {
      "f1_seeds": [
        0.8421052631578947,
        0.7777777777777778,
        0.8
      ],
      "acc_seeds": [
        0.9142857142857143,
        0.8857142857142857,
        0.8857142857142857
      ],
      "f1_mean": 0.8066276803118907,
      "f1_std": 0.026676468451549293,
      "acc_mean": 0.8952380952380952,
      "majority_f1_mean": 0.0,
      "n_windows": 35
    },
    "S13": {
      "f1_seeds": [
        1.0,
        1.0,
        1.0
      ],
      "acc_seeds": [
        1.0,
        1.0,
        1.0
      ],
      "f1_mean": 1.0,
      "f1_std": 0.0,
      "acc_mean": 1.0,
      "majority_f1_mean": 0.0,
      "n_windows": 35
    },
    "S14": {
      "f1_seeds": [
        0.5,
        0.43478260869565216,
        0.34782608695652173
      ],
      "acc_seeds": [
        0.7222222222222222,
        0.6388888888888888,
        0.5833333333333334
      ],
      "f1_mean": 0.4275362318840579,
      "f1_std": 0.06233569034088861,
      "acc_mean": 0.6481481481481483,
      "majority_f1_mean": 0.0,
      "n_windows": 36
    },
    "S15": {
      "f1_seeds": [
        0.9523809523809523,
        0.9523809523809523,
        0.9
      ],
      "acc_seeds": [
        0.9722222222222222,
        0.9722222222222222,
        0.9444444444444444
      ],
      "f1_mean": 0.9349206349206348,
      "f1_std": 0.024692617755720674,
      "acc_mean": 0.9629629629629629,
      "majority_f1_mean": 0.0,
      "n_windows": 36
    },
    "S16": {
      "f1_seeds": [
        1.0,
        0.46153846153846156,
        0.9473684210526315
      ],
      "acc_seeds": [
        1.0,
        0.8,
        0.9714285714285714
      ],
      "f1_mean": 0.8029689608636977,
      "f1_std": 0.24238208154032803,
      "acc_mean": 0.9238095238095237,
      "majority_f1_mean": 0.0,
      "n_windows": 35
    },
    "S17": {
      "f1_seeds": [
        0.0,
        0.0,
        0.10526315789473684
      ],
      "acc_seeds": [
        0.5555555555555556,
        0.5277777777777778,
        0.5277777777777778
      ],
      "f1_mean": 0.03508771929824561,
      "f1_std": 0.049621528504319126,
      "acc_mean": 0.5370370370370371,
      "majority_f1_mean": 0.0,
      "n_windows": 36
    }
  },
  "cross_attention": {
    "S2": {
      "f1_seeds": [
        0.9,
        0.8,
        0.8235294117647058
      ],
      "acc_seeds": [
        0.9393939393939394,
        0.8787878787878788,
        0.9090909090909091
      ],
      "f1_mean": 0.8411764705882353,
      "f1_std": 0.04268929619034753,
      "acc_mean": 0.9090909090909092,
      "majority_f1_mean": 0.0,
      "n_windows": 33
    },
    "S3": {
      "f1_seeds": [
        0.5555555555555556,
        0.47058823529411764,
        0.38095238095238093
      ],
      "acc_seeds": [
        0.7575757575757576,
        0.7272727272727273,
        0.6060606060606061
      ],
      "f1_mean": 0.46903205726735137,
      "f1_std": 0.07128994044470752,
      "acc_mean": 0.6969696969696969,
      "majority_f1_mean": 0.0,
      "n_windows": 33
    },
    "S4": {
      "f1_seeds": [
        1.0,
        1.0,
        1.0
      ],
      "acc_seeds": [
        1.0,
        1.0,
        1.0
      ],
      "f1_mean": 1.0,
      "f1_std": 0.0,
      "acc_mean": 1.0,
      "majority_f1_mean": 0.0,
      "n_windows": 33
    },
    "S5": {
      "f1_seeds": [
        0.9523809523809523,
        0.8695652173913043,
        0.9523809523809523
      ],
      "acc_seeds": [
        0.9714285714285714,
        0.9142857142857143,
        0.9714285714285714
      ],
      "f1_mean": 0.924775707384403,
      "f1_std": 0.03903971186675209,
      "acc_mean": 0.9523809523809524,
      "majority_f1_mean": 0.0,
      "n_windows": 35
    },
    "S6": {
      "f1_seeds": [
        1.0,
        0.9473684210526315,
        0.8571428571428571
      ],
      "acc_seeds": [
        1.0,
        0.9705882352941176,
        0.9117647058823529
      ],
      "f1_mean": 0.9348370927318296,
      "f1_std": 0.05899048769894648,
      "acc_mean": 0.9607843137254902,
      "majority_f1_mean": 0.0,
      "n_windows": 34
    },
    "S7": {
      "f1_seeds": [
        0.9523809523809523,
        1.0,
        0.9523809523809523
      ],
      "acc_seeds": [
        0.9714285714285714,
        1.0,
        0.9714285714285714
      ],
      "f1_mean": 0.9682539682539683,
      "f1_std": 0.022447834323382487,
      "acc_mean": 0.980952380952381,
      "majority_f1_mean": 0.0,
      "n_windows": 35
    },
    "S8": {
      "f1_seeds": [
        1.0,
        1.0,
        1.0
      ],