{
  "late_fusion_mlp": {
    "all_clean": {
      "f1_mean": 0.8099354338679504,
      "f1_std": 0.2708630097674944,
      "n_evals": 45
    },
    "drop_ACC": {
      "f1_mean": 0.7549945673272499,
      "f1_std": 0.29089976430166276,
      "n_evals": 45
    },
    "drop_BVP": {
      "f1_mean": 0.7788760470587545,
      "f1_std": 0.2839671917031337,
      "n_evals": 45
    },
    "drop_EDA": {
      "f1_mean": 0.38762417592345344,
      "f1_std": 0.33747699924251884,
      "n_evals": 45
    },
    "drop_TEMP": {
      "f1_mean": 0.7902160605085035,
      "f1_std": 0.2530316278414128,
      "n_evals": 45
    },
    "drop_ACC_BVP": {
      "f1_mean": 0.7106061986596228,
      "f1_std": 0.3223943494527514,
      "n_evals": 45
    },
    "drop_ACC_EDA": {
      "f1_mean": 0.6188498715880095,
      "f1_std": 0.31455134978913585,
      "n_evals": 45
    },
    "drop_ACC_TEMP": {
      "f1_mean": 0.8205197275228534,
      "f1_std": 0.2614389440282807,
      "n_evals": 45
    },
    "drop_BVP_EDA": {
      "f1_mean": 0.2853431209313562,
      "f1_std": 0.3430189647604667,
      "n_evals": 45
    },
    "drop_BVP_TEMP": {
      "f1_mean": 0.7745291711424434,
      "f1_std": 0.25744483067093044,
      "n_evals": 45
    },
    "drop_EDA_TEMP": {
      "f1_mean": 0.3775787486368731,
      "f1_std": 0.30222928854576414,
      "n_evals": 45
    }
  },
  "cross_attention": {
    "all_clean": {
      "f1_mean": 0.7780979219630606,
      "f1_std": 0.28880147645916526,
      "n_evals": 45
    },
    "drop_ACC": {
      "f1_mean": 0.7831256038719283,
      "f1_std": 0.2827277515843791,
      "n_evals": 45
    },
    "drop_BVP": {
      "f1_mean": 0.7577221495300793,
      "f1_std": 0.2950302449169793,
      "n_evals": 45
    },
    "drop_EDA": {
      "f1_mean": 0.3901254179464796,
      "f1_std": 0.35052860364160776,
      "n_evals": 45
    },
    "drop_TEMP": {
      "f1_mean": 0.7543152066338678,
      "f1_std": 0.2975148782200386,
      "n_evals": 45
    },
    "drop_ACC_BVP": {
      "f1_mean": 0.7418943587700262,
      "f1_std": 0.3125892506811622,
      "n_evals": 45
    },
    "drop_ACC_EDA": {
      "f1_mean": 0.44100642985393446,
      "f1_std": 0.35331512996451525,
      "n_evals": 45
    },
    "drop_ACC_TEMP": {
      "f1_mean": 0.8272884663200191,
      "f1_std": 0.27631761069444405,
      "n_evals": 45
    },
    "drop_BVP_EDA": {
      "f1_mean": 0.27795335665773463,
      "f1_std": 0.322919536504408,
      "n_evals": 45
    },
    "drop_BVP_TEMP": {
      "f1_mean": 0.7626443704518964,
      "f1_std": 0.26947330420669624,
      "n_evals": 45
    },
    "drop_EDA_TEMP": {
      "f1_mean": 0.3469740067039867,
      "f1_std": 0.28823727361480544,
      "n_evals": 45
    }
  },
  "scale_proxy": {
    "all_clean": {
      "f1_mean": 0.7221934656463754,
      "f1_std": 0.3223812323319034,
      "n_evals": 45
    },
    "drop_ACC": {
      "f1_mean": 0.7716528740191295,
      "f1_std": 0.2919248960050464,
      "n_evals": 45
    },
    "drop_BVP": {
      "f1_mean": 0.7168136833295446,
      "f1_std": 0.3276304772745324,
      "n_evals": 45
    },
    "drop_EDA": {
      "f1_mean": 0.1498244710989809,
      "f1_std": 0.24023921971352133,
      "n_evals": 45
    },
    "drop_TEMP": {
      "f1_mean": 0.741916744162074,
      "f1_std": 0.3245000363675176,
      "n_evals": 45
    },
    "drop_ACC_BVP": {
      "f1_mean": 0.7716528740191295,
      "f1_std": 0.2919248960050464,
      "n_evals": 45
    },
    "drop_ACC_EDA": {
      "f1_mean": 0.22084618719526602,
      "f1_std": 0.3019528169042507,
      "n_evals": 45
    },
    "drop_ACC_TEMP": {
      "f1_mean": 0.8145996695149927,
      "f1_std": 0.25674843608522774,
      "n_evals": 45
    },
    "drop_BVP_EDA": {
      "f1_mean": 0.1527548740293838,
      "f1_std": 0.24107320981207167,
      "n_evals": 45
    },
    "drop_BVP_TEMP": {
      "f1_mean": 0.7350307441359775,
      "f1_std": 0.3246520350030035,
      "n_evals": 45
    },
    "drop_EDA_TEMP": {
      "f1_mean": 0.11029972206442794,
      "f1_std": 0.21579501514900526,
      "n_evals": 45
    }
  }
}