{
  "late_fusion_mlp": {
    "gaussian": {
      "0.1": {
        "f1_mean": 0.8100411512429279,
        "f1_std": 0.26882969632044124,
        "n_evals": 45
      },
      "0.5": {
        "f1_mean": 0.7657193999492312,
        "f1_std": 0.23033049659398286,
        "n_evals": 45
      },
      "1.0": {
        "f1_mean": 0.5906746293041428,
        "f1_std": 0.15778399504324075,
        "n_evals": 45
      },
      "2.0": {
        "f1_mean": 0.45740511160763964,
        "f1_std": 0.03509029406838236,
        "n_evals": 45
      }
    },
    "realistic": {
      "acc_motion": {
        "f1_mean": 0.8049751240369087,
        "f1_std": 0.2594927607804844,
        "n_evals": 45
      },
      "eda_drift": {
        "f1_mean": 0.7847037190286618,
        "f1_std": 0.2524902787134587,
        "n_evals": 45
      },
      "bvp_dropout": {
        "f1_mean": 0.8087872939558675,
        "f1_std": 0.27216592048412513,
        "n_evals": 45
      }
    }
  },
  "cross_attention": {
    "gaussian": {
      "0.1": {
        "f1_mean": 0.7785070240030532,
        "f1_std": 0.29025645650077836,
        "n_evals": 45
      },
      "0.5": {
        "f1_mean": 0.7430736551733829,
        "f1_std": 0.22873585020802178,
        "n_evals": 45
      },
      "1.0": {
        "f1_mean": 0.5349322975904753,
        "f1_std": 0.1471281764629889,
        "n_evals": 45
      },
      "2.0": {
        "f1_mean": 0.4443869990216622,
        "f1_std": 0.08006018490158351,
        "n_evals": 45
      }
    },
    "realistic": {
      "acc_motion": {
        "f1_mean": 0.7771859809972609,
        "f1_std": 0.2415865967907757,
        "n_evals": 45
      },
      "eda_drift": {
        "f1_mean": 0.7727822718205003,
        "f1_std": 0.26824311808617574,
        "n_evals": 45
      },
      "bvp_dropout": {
        "f1_mean": 0.7784597737236201,
        "f1_std": 0.29155308325023915,
        "n_evals": 45
      }
    }
  },
  "scale_proxy": {
    "gaussian": {
      "0.1": {
        "f1_mean": 0.7209260339228033,
        "f1_std": 0.3251437800892248,
        "n_evals": 45
      },
      "0.5": {
        "f1_mean": 0.7297822871753414,
        "f1_std": 0.3168342293233249,
        "n_evals": 45
      },
      "1.0": {
        "f1_mean": 0.7275804857511683,
        "f1_std": 0.3124604036097182,
        "n_evals": 45
      },
      "2.0": {
        "f1_mean": 0.7316649301701126,
        "f1_std": 0.31334524980064127,
        "n_evals": 45
      }
    },
    "realistic": {
      "acc_motion": {
        "f1_mean": 0.7319093267036013,
        "f1_std": 0.315759398153776,
        "n_evals": 45
      },
      "eda_drift": {
        "f1_mean": 0.6786661043730188,
        "f1_std": 0.293397891464359,
        "n_evals": 45
      },
      "bvp_dropout": {
        "f1_mean": 0.7196188443803196,
        "f1_std": 0.32413586248460396,
        "n_evals": 45
      }
    }
  }
}