{
  "vectors": {
    "late_fusion_mlp": [
      0.09932923520832761,
      0.19108556227994092,
      -0.010584293654902878,
      0.5245923129365943,
      0.03540626272550708,
      0.43235668523107745
    ],
    "cross_attention": [
      0.03620356319303441,
      0.33709149210912626,
      -0.04919054435695844,
      0.5001445653053259,
      0.015453551511164097,
      0.43112391525907384
    ],
    "scale_proxy": [
      -0.04945940837275404,
      0.5013472784511094,
      -0.09240620386861738,
      0.5694385916169915,
      -0.012837278489601938,
      0.6118937435819474
    ]
  },
  "conditions": [
    "drop_ACC_BVP",
    "drop_ACC_EDA",
    "drop_ACC_TEMP",
    "drop_BVP_EDA",
    "drop_BVP_TEMP",
    "drop_EDA_TEMP"
  ],
  "pairs": {
    "late_fusion_mlp__x__cross_attention": {
      "spearman_rho_obs": 1.0,
      "pearson_r_obs": 0.950421130674895,
      "bootstrap_rho_mean": 0.9400000000000003,
      "bootstrap_rho_ci_lo": 0.6571428571428573,
      "bootstrap_rho_ci_hi": 1.0,
      "permutation_p": 0.0020997900209979003,
      "n_boot": 1000,
      "n_perm": 10000
    },
    "late_fusion_mlp__x__scale_proxy": {
      "spearman_rho_obs": 0.8857142857142858,
      "pearson_r_obs": 0.8922901973709676,
      "bootstrap_rho_mean": 0.853584776514187,
      "bootstrap_rho_ci_lo": 0.6,
      "bootstrap_rho_ci_hi": 1.0,
      "permutation_p": 0.0160983901609839,
      "n_boot": 1000,
      "n_perm": 10000
    },
    "cross_attention__x__scale_proxy": {
      "spearman_rho_obs": 0.8857142857142858,
      "pearson_r_obs": 0.983004162754847,
      "bootstrap_rho_mean": 0.8789570393320378,
      "bootstrap_rho_ci_lo": 0.7142857142857143,
      "bootstrap_rho_ci_hi": 1.0,
      "permutation_p": 0.0160983901609839,
      "n_boot": 1000,
      "n_perm": 10000
    }
  },
  "_metadata": {
    "git_commit": "f730ad7",
    "config_hyperparameters": {
      "seed": 42,
      "seeds": [
        42,
        1337,
        2024
      ],
      "dataset": {
        "name": "WESAD",
        "raw_dir": "data/raw/WESAD",
        "processed_dir": "data/processed",
        "subjects": [
          "S2",
          "S3",
          "S4",
          "S5",
          "S6",
          "S7",
          "S8",
          "S9",
          "S10",
          "S11",
          "S13",
          "S14",
          "S15",
          "S16",
          "S17"
        ],
        "sample_rate_hz": 4,
        "window_seconds": 60,
        "modalities": [
          "ACC",
          "BVP",
          "EDA",
          "TEMP"
        ],
        "label_map": {
          "stress": [
            2
          ],
          "non_stress": [
            1,
            3
          ]
        },
        "drop_labels": [
          0,
          4,
          5,
          6,
          7
        ]
      },
      "train": {
        "batch_size": 64,
        "lr": 0.001,
        "weight_decay": 0.0001,
        "max_epochs": 30,
        "patience": 5,
        "device": "auto"
      },
      "models": {
        "late_fusion_mlp": {
          "hidden_per_mod": 64,
          "fusion_hidden": 64,
          "dropout": 0.3
        },
        "cross_attention": {
          "feature_dim": 64,
          "n_heads": 4,
          "n_layers": 2,
          "dropout": 0.1
        },
        "scale_proxy": {
          "feature_dim": 128,
          "n_layers": 3,
          "n_heads": 4,
          "dropout": 0.1,
          "freeze_encoder": true
        }
      },
      "experiments": {
        "dropout_conditions": [
          "all_clean",
          "drop_ACC",
          "drop_BVP",
          "drop_EDA",
          "drop_TEMP",
          "drop_ACC_BVP",
          "drop_ACC_EDA",
          "drop_ACC_TEMP",
          "drop_BVP_EDA",
          "drop_BVP_TEMP",
          "drop_EDA_TEMP"
        ],
        "noise_sigmas": [
          0.1,
          0.5,
          1.0,
          2.0
        ],
        "realistic_corruptions": [
          "acc_motion",
          "eda_drift",
          "bvp_dropout"
        ]
      },
      "paths": {
        "results_root": "results",
        "figures_root": "figures",
        "logs_root": "logs"
      }
    },
    "seeds_used": [
      42,
      1337,
      2024
    ],
    "experiment": "exp5_modality_consistency",
    "analysis_seed": 42,
    "bootstrap_n": 1000,
    "permutation_n": 10000,
    "architectures_compared": [
      "late_fusion_mlp",
      "cross_attention",
      "scale_proxy"
    ]
  }
}