{
  "vectors": {
    "late_fusion_mlp": [
      0.054940866540700475,
      0.03105938680919608,
      0.42231125794449687,
      0.019719373359446988
    ],
    "cross_attention": [
      -0.005027681908867724,
      0.02037577243298119,
      0.38797250401658107,
      0.02378271532919287
    ],
    "scale_proxy": [
      -0.04945940837275404,
      0.00537978231683084,
      0.5723689945473944,
      -0.019723278515698585
    ]
  },
  "conditions": [
    "drop_ACC",
    "drop_BVP",
    "drop_EDA",
    "drop_TEMP"
  ],
  "pairs": {
    "late_fusion_mlp__x__cross_attention": {
      "spearman_rho_obs": 0.19999999999999998,
      "pearson_r_obs": 0.9897424744490946,
      "bootstrap_rho_mean": 0.6684000000000001,
      "bootstrap_rho_ci_lo": 0.19999999999999998,
      "bootstrap_rho_ci_hi": 1.0,
      "permutation_p": 0.45885411458854114,
      "n_boot": 1000,
      "n_perm": 10000
    },
    "late_fusion_mlp__x__scale_proxy": {
      "spearman_rho_obs": 0.39999999999999997,
      "pearson_r_obs": 0.9903191033179024,
      "bootstrap_rho_mean": 0.5514000000000001,
      "bootstrap_rho_ci_lo": 0.19999999999999998,
      "bootstrap_rho_ci_hi": 1.0,
      "permutation_p": 0.37736226377362264,
      "n_boot": 1000,
      "n_perm": 10000
    },
    "cross_attention__x__scale_proxy": {
      "spearman_rho_obs": 0.7999999999999999,
      "pearson_r_obs": 0.999124419933731,
      "bootstrap_rho_mean": 0.7792,
      "bootstrap_rho_ci_lo": 0.19999999999999998,
      "bootstrap_rho_ci_hi": 1.0,
      "permutation_p": 0.1698830116988301,
      "n_boot": 1000,
      "n_perm": 10000
    }
  },
  "_metadata": {
    "git_commit": "f730ad7",
    "config_hyperparameters": {
      "seed": 42,
      "seeds": [
        42,
        1337,
        2024
      ],
      "dataset": {
        "name": "WESAD",
        "raw_dir": "data/raw/WESAD",
        "processed_dir": "data/processed",
        "subjects": [
          "S2",
          "S3",
          "S4",
          "S5",
          "S6",
          "S7",
          "S8",
          "S9",
          "S10",
          "S11",
          "S13",
          "S14",
          "S15",
          "S16",
          "S17"
        ],
        "sample_rate_hz": 4,
        "window_seconds": 60,
        "modalities": [
          "ACC",
          "BVP",
          "EDA",
          "TEMP"
        ],
        "label_map": {
          "stress": [
            2
          ],
          "non_stress": [
            1,
            3
          ]
        },
        "drop_labels": [
          0,
          4,
          5,
          6,
          7
        ]
      },
      "train": {
        "batch_size": 64,
        "lr": 0.001,
        "weight_decay": 0.0001,
        "max_epochs": 30,
        "patience": 5,
        "device": "auto"
      },
      "models": {
        "late_fusion_mlp": {
          "hidden_per_mod": 64,
          "fusion_hidden": 64,
          "dropout": 0.3
        },
        "cross_attention": {
          "feature_dim": 64,
          "n_heads": 4,
          "n_layers": 2,
          "dropout": 0.1
        },
        "scale_proxy": {
          "feature_dim": 128,
          "n_layers": 3,
          "n_heads": 4,
          "dropout": 0.1,
          "freeze_encoder": true
        }
      },
      "experiments": {
        "dropout_conditions": [
          "all_clean",
          "drop_ACC",
          "drop_BVP",
          "drop_EDA",
          "drop_TEMP",
          "drop_ACC_BVP",
          "drop_ACC_EDA",
          "drop_ACC_TEMP",
          "drop_BVP_EDA",
          "drop_BVP_TEMP",
          "drop_EDA_TEMP"
        ],
        "noise_sigmas": [
          0.1,
          0.5,
          1.0,
          2.0
        ],
        "realistic_corruptions": [
          "acc_motion",
          "eda_drift",
          "bvp_dropout"
        ]
      },
      "paths": {
        "results_root": "results",
        "figures_root": "figures",
        "logs_root": "logs"
      }
    },
    "seeds_used": [
      42,
      1337,
      2024
    ],
    "experiment": "exp5_modality_consistency",
    "analysis_seed": 42,
    "bootstrap_n": 1000,
    "permutation_n": 10000,
    "architectures_compared": [
      "late_fusion_mlp",
      "cross_attention",
      "scale_proxy"
    ]
  }
}