{
  "gaussian": {
    "0.1": {
      "S2": {
        "42": {
          "f1_stress": 0.9523809523809523,
          "acc": 0.9696969696969697
        }
      },
      "S3": {
        "42": {
          "f1_stress": 0.47058823529411764,
          "acc": 0.7272727272727273
        }
      },
      "S4": {
        "42": {
          "f1_stress": 1.0,
          "acc": 1.0
        }
      },
      "S5": {
        "42": {
          "f1_stress": 0.8333333333333334,
          "acc": 0.8857142857142857
        }
      },
      "S6": {
        "42": {
          "f1_stress": 1.0,
          "acc": 1.0
        }
      },
      "S7": {
        "42": {
          "f1_stress": 1.0,
          "acc": 1.0
        }
      },
      "S8": {
        "42": {
          "f1_stress": 1.0,
          "acc": 1.0
        }
      },
      "S9": {
        "42": {
          "f1_stress": 1.0,
          "acc": 1.0
        }
      },
      "S10": {
        "42": {
          "f1_stress": 1.0,
          "acc": 1.0
        }
      },
      "S11": {
        "42": {
          "f1_stress": 0.6666666666666666,
          "acc": 0.8285714285714286
        }
      },
      "S13": {
        "42": {
          "f1_stress": 1.0,
          "acc": 1.0
        }
      },
      "S14": {
        "42": {
          "f1_stress": 0.5185185185185185,
          "acc": 0.6388888888888888
        }
      },
      "S15": {
        "42": {
          "f1_stress": 0.8421052631578947,
          "acc": 0.9166666666666666
        }
      },
      "S16": {
        "42": {
          "f1_stress": 0.9523809523809523,
          "acc": 0.9714285714285714
        }
      },
      "S17": {
        "42": {
          "f1_stress": 0.0,
          "acc": 0.4444444444444444
        }
      }
    },
    "0.5": {
      "S2": {
        "42": {
          "f1_stress": 0.7407407407407407,
          "acc": 0.7878787878787878
        }
      },
      "S3": {
        "42": {
          "f1_stress": 0.5,
          "acc": 0.696969696969697
        }
      },
      "S4": {
        "42": {
          "f1_stress": 1.0,
          "acc": 1.0
        }
      },
      "S5": {
        "42": {
          "f1_stress": 0.7407407407407407,
          "acc": 0.8
        }
      },
      "S6": {
        "42": {
          "f1_stress": 0.9523809523809523,
          "acc": 0.9705882352941176
        }
      },
      "S7": {
        "42": {
          "f1_stress": 0.9523809523809523,
          "acc": 0.9714285714285714
        }
      },
      "S8": {
        "42": {
          "f1_stress": 1.0,
          "acc": 1.0
        }
      },
      "S9": {
        "42": {
          "f1_stress": 0.9090909090909091,
          "acc": 0.9393939393939394
        }
      },
      "S10": {
        "42": {
          "f1_stress": 0.9166666666666666,
          "acc": 0.9428571428571428
        }
      },
      "S11": {
        "42": {
          "f1_stress": 0.7619047619047619,
          "acc": 0.8571428571428571
        }
      },
      "S13": {
        "42": {
          "f1_stress": 1.0,
          "acc": 1.0
        }
      },
      "S14": {
        "42": {
          "f1_stress": 0.45161290322580644,
          "acc": 0.5277777777777778
        }
      },
      "S15": {
        "42": {
          "f1_stress": 0.8181818181818182,
          "acc": 0.8888888888888888
        }
      },
      "S16": {
        "42": {
          "f1_stress": 0.7692307692307693,
          "acc": 0.8285714285714286
        }
      },
      "S17": {
        "42": {
          "f1_stress": 0.08695652173913043,
          "acc": 0.4166666666666667
        }
      }
    },
    "1.0": {
      "S2": {
        "42": {
          "f1_stress": 0.5882352941176471,
          "acc": 0.5757575757575758
        }
      },
      "S3": {
        "42": {
          "f1_stress": 0.5161290322580645,
          "acc": 0.5454545454545454
        }
      },
      "S4": {
        "42": {
          "f1_stress": 0.6,
          "acc": 0.6363636363636364
        }
      },
      "S5": {
        "42": {
          "f1_stress": 0.5714285714285714,
          "acc": 0.5714285714285714
        }
      },
      "S6": {
        "42": {
          "f1_stress": 0.8,
          "acc": 0.8529411764705882
        }
      },
      "S7": {
        "42": {
          "f1_stress": 0.7142857142857143,
          "acc": 0.7714285714285715
        }
      },
      "S8": {
        "42": {
          "f1_stress": 0.8148148148148148,
          "acc": 0.8571428571428571
        }
      },
      "S9": {
        "42": {
          "f1_stress": 0.47619047619047616,
          "acc": 0.3333333333333333
        }
      },
      "S10": {
        "42": {
          "f1_stress": 0.55,
          "acc": 0.4857142857142857
        }
      },
      "S11": {
        "42": {
          "f1_stress": 0.6666666666666666,
          "acc": 0.6857142857142857
        }
      },
      "S13": {
        "42": {
          "f1_stress": 0.9090909090909091,
          "acc": 0.9428571428571428
        }
      },
      "S14": {
        "42": {
          "f1_stress": 0.42105263157894735,
          "acc": 0.3888888888888889
        }
      },
      "S15": {
        "42": {
          "f1_stress": 0.6470588235294118,
          "acc": 0.6666666666666666
        }
      },
      "S16": {
        "42": {
          "f1_stress": 0.6896551724137931,
          "acc": 0.7428571428571429
        }
      },
      "S17": {
        "42": {
          "f1_stress": 0.25,
          "acc": 0.3333333333333333
        }
      }
    },
    "2.0": {
      "S2": {
        "42": {
          "f1_stress": 0.46511627906976744,
          "acc": 0.30303030303030304
        }
      },
      "S3": {
        "42": {
          "f1_stress": 0.5405405405405406,
          "acc": 0.48484848484848486
        }
      },
      "S4": {
        "42": {
          "f1_stress": 0.43902439024390244,
          "acc": 0.30303030303030304
        }
      },
      "S5": {
        "42": {
          "f1_stress": 0.4444444444444444,
          "acc": 0.2857142857142857
        }
      },
      "S6": {
        "42": {
          "f1_stress": 0.6666666666666666,
          "acc": 0.7058823529411765
        }
      },
      "S7": {
        "42": {
          "f1_stress": 0.4444444444444444,
          "acc": 0.2857142857142857
        }
      },
      "S8": {
        "42": {
          "f1_stress": 0.5238095238095238,
          "acc": 0.42857142857142855
        }
      },
      "S9": {
        "42": {
          "f1_stress": 0.46511627906976744,
          "acc": 0.30303030303030304
        }
      },
      "S10": {
        "42": {
          "f1_stress": 0.4782608695652174,
          "acc": 0.3142857142857143
        }
      },
      "S11": {
        "42": {
          "f1_stress": 0.4782608695652174,
          "acc": 0.3142857142857143
        }
      },
      "S13": {
        "42": {
          "f1_stress": 0.47619047619047616,
          "acc": 0.37142857142857144
        }
      },
      "S14": {
        "42": {
          "f1_stress": 0.46808510638297873,
          "acc": 0.3055555555555556
        }
      },
      "S15": {
        "42": {
          "f1_stress": 0.46808510638297873,
          "acc": 0.3055555555555556
        }
      },
      "S16": {
        "42": {
          "f1_stress": 0.47619047619047616,
          "acc": 0.37142857142857144
        }
      },
      "S17": {
        "42": {
          "f1_stress": 0.46808510638297873,
          "acc": 0.3055555555555556
        }
      }
    }
  },
  "realistic": {
    "acc_motion": {
      "S2": {
        "42": {
          "f1_stress": 0.9090909090909091,
          "acc": 0.9393939393939394
        }
      },
      "S3": {
        "42": {
          "f1_stress": 0.47058823529411764,
          "acc": 0.7272727272727273
        }
      },
      "S4": {
        "42": {
          "f1_stress": 1.0,
          "acc": 1.0
        }
      },
      "S5": {
        "42": {
          "f1_stress": 0.7142857142857143,
          "acc": 0.7714285714285715
        }
      },
      "S6": {
        "42": {
          "f1_stress": 1.0,