{
  "gaussian": {
    "0.1": {
      "S2": {
        "42": {
          "f1_stress": 1.0,
          "acc": 1.0
        }
      },
      "S3": {
        "42": {
          "f1_stress": 0.42105263157894735,
          "acc": 0.6666666666666666
        }
      },
      "S4": {
        "42": {
          "f1_stress": 1.0,
          "acc": 1.0
        }
      },
      "S5": {
        "42": {
          "f1_stress": 0.8333333333333334,
          "acc": 0.8857142857142857
        }
      },
      "S6": {
        "42": {
          "f1_stress": 0.8,
          "acc": 0.8529411764705882
        }
      },
      "S7": {
        "42": {
          "f1_stress": 1.0,
          "acc": 1.0
        }
      },
      "S8": {
        "42": {
          "f1_stress": 1.0,
          "acc": 1.0
        }
      },
      "S9": {
        "42": {
          "f1_stress": 1.0,
          "acc": 1.0
        }
      },
      "S10": {
        "42": {
          "f1_stress": 0.9565217391304348,
          "acc": 0.9714285714285714
        }
      },
      "S11": {
        "42": {
          "f1_stress": 0.6666666666666666,
          "acc": 0.8285714285714286
        }
      },
      "S13": {
        "42": {
          "f1_stress": 1.0,
          "acc": 1.0
        }
      },
      "S14": {
        "42": {
          "f1_stress": 0.5217391304347826,
          "acc": 0.6944444444444444
        }
      },
      "S15": {
        "42": {
          "f1_stress": 0.782608695652174,
          "acc": 0.8611111111111112
        }
      },
      "S16": {
        "42": {
          "f1_stress": 1.0,
          "acc": 1.0
        }
      },
      "S17": {
        "42": {
          "f1_stress": 0.0,
          "acc": 0.4722222222222222
        }
      }
    },
    "0.5": {
      "S2": {
        "42": {
          "f1_stress": 0.9090909090909091,
          "acc": 0.9393939393939394
        }
      },
      "S3": {
        "42": {
          "f1_stress": 0.4444444444444444,
          "acc": 0.5454545454545454
        }
      },
      "S4": {
        "42": {
          "f1_stress": 1.0,
          "acc": 1.0
        }
      },
      "S5": {
        "42": {
          "f1_stress": 0.7407407407407407,
          "acc": 0.8
        }
      },
      "S6": {
        "42": {
          "f1_stress": 0.7407407407407407,
          "acc": 0.7941176470588235
        }
      },
      "S7": {
        "42": {
          "f1_stress": 0.9523809523809523,
          "acc": 0.9714285714285714
        }
      },
      "S8": {
        "42": {
          "f1_stress": 1.0,
          "acc": 1.0
        }
      },
      "S9": {
        "42": {
          "f1_stress": 0.9523809523809523,
          "acc": 0.9696969696969697
        }
      },
      "S10": {
        "42": {
          "f1_stress": 0.7857142857142857,
          "acc": 0.8285714285714286
        }
      },
      "S11": {
        "42": {
          "f1_stress": 0.7619047619047619,
          "acc": 0.8571428571428571
        }
      },
      "S13": {
        "42": {
          "f1_stress": 1.0,
          "acc": 1.0
        }
      },
      "S14": {
        "42": {
          "f1_stress": 0.4666666666666667,
          "acc": 0.5555555555555556
        }
      },
      "S15": {
        "42": {
          "f1_stress": 0.8461538461538461,
          "acc": 0.8888888888888888
        }
      },
      "S16": {
        "42": {
          "f1_stress": 1.0,
          "acc": 1.0
        }
      },
      "S17": {
        "42": {
          "f1_stress": 0.2608695652173913,
          "acc": 0.5277777777777778
        }
      }
    },
    "1.0": {
      "S2": {
        "42": {
          "f1_stress": 0.6060606060606061,
          "acc": 0.6060606060606061
        }
      },
      "S3": {
        "42": {
          "f1_stress": 0.5128205128205128,
          "acc": 0.42424242424242425
        }
      },
      "S4": {
        "42": {
          "f1_stress": 0.5454545454545454,
          "acc": 0.5454545454545454
        }
      },
      "S5": {
        "42": {
          "f1_stress": 0.5714285714285714,
          "acc": 0.5714285714285714
        }
      },
      "S6": {
        "42": {
          "f1_stress": 0.47619047619047616,
          "acc": 0.35294117647058826
        }
      },
      "S7": {
        "42": {
          "f1_stress": 0.7142857142857143,
          "acc": 0.7714285714285715
        }
      },
      "S8": {
        "42": {
          "f1_stress": 0.8148148148148148,
          "acc": 0.8571428571428571
        }
      },
      "S9": {
        "42": {
          "f1_stress": 0.4878048780487805,
          "acc": 0.36363636363636365
        }
      },
      "S10": {
        "42": {
          "f1_stress": 0.5238095238095238,
          "acc": 0.42857142857142855
        }
      },
      "S11": {
        "42": {
          "f1_stress": 0.6666666666666666,
          "acc": 0.6857142857142857
        }
      },
      "S13": {
        "42": {
          "f1_stress": 0.6060606060606061,
          "acc": 0.6285714285714286
        }
      },
      "S14": {
        "42": {
          "f1_stress": 0.42105263157894735,
          "acc": 0.3888888888888889
        }
      },
      "S15": {
        "42": {
          "f1_stress": 0.5,
          "acc": 0.3888888888888889
        }
      },
      "S16": {
        "42": {
          "f1_stress": 0.8,
          "acc": 0.8571428571428571
        }
      },
      "S17": {
        "42": {
          "f1_stress": 0.30303030303030304,
          "acc": 0.3611111111111111
        }
      }
    },
    "2.0": {
      "S2": {
        "42": {
          "f1_stress": 0.46511627906976744,
          "acc": 0.30303030303030304
        }
      },
      "S3": {
        "42": {
          "f1_stress": 0.46511627906976744,
          "acc": 0.30303030303030304
        }
      },
      "S4": {
        "42": {
          "f1_stress": 0.42857142857142855,
          "acc": 0.2727272727272727
        }
      },
      "S5": {
        "42": {
          "f1_stress": 0.4444444444444444,
          "acc": 0.2857142857142857
        }
      },
      "S6": {
        "42": {
          "f1_stress": 0.45454545454545453,
          "acc": 0.29411764705882354
        }
      },
      "S7": {
        "42": {
          "f1_stress": 0.4444444444444444,
          "acc": 0.2857142857142857
        }
      },
      "S8": {
        "42": {
          "f1_stress": 0.5238095238095238,
          "acc": 0.42857142857142855
        }
      },
      "S9": {
        "42": {
          "f1_stress": 0.46511627906976744,
          "acc": 0.30303030303030304
        }
      },
      "S10": {
        "42": {
          "f1_stress": 0.4782608695652174,
          "acc": 0.3142857142857143
        }
      },
      "S11": {
        "42": {
          "f1_stress": 0.4782608695652174,
          "acc": 0.3142857142857143
        }
      },
      "S13": {
        "42": {
          "f1_stress": 0.4444444444444444,
          "acc": 0.2857142857142857
        }
      },
      "S14": {
        "42": {
          "f1_stress": 0.4782608695652174,
          "acc": 0.3333333333333333
        }
      },
      "S15": {
        "42": {
          "f1_stress": 0.46808510638297873,
          "acc": 0.3055555555555556
        }
      },
      "S16": {
        "42": {
          "f1_stress": 0.5555555555555556,
          "acc": 0.5428571428571428
        }
      },
      "S17": {
        "42": {
          "f1_stress": 0.43478260869565216,
          "acc": 0.2777777777777778
        }
      }
    }
  },
  "realistic": {
    "acc_motion": {
      "S2": {
        "42": {
          "f1_stress": 0.9523809523809523,
          "acc": 0.9696969696969697
        }
      },
      "S3": {
        "42": {
          "f1_stress": 0.5,
          "acc": 0.6363636363636364
        }
      },
      "S4": {
        "42": {
          "f1_stress": 1.0,
          "acc": 1.0
        }
      },
      "S5": {
        "42": {
          "f1_stress": 0.7142857142857143,
          "acc": 0.7714285714285715
        }
      },
      "S6": {
        "42": {
          "f1_stress": 0.7407407407407407,