{
  "all_clean": {
    "S2": {
      "42": {
        "f1_stress": 1.0,
        "acc": 1.0
      }
    },
    "S3": {
      "42": {
        "f1_stress": 0.42105263157894735,
        "acc": 0.6666666666666666
      }
    },
    "S4": {
      "42": {
        "f1_stress": 1.0,
        "acc": 1.0
      }
    },
    "S5": {
      "42": {
        "f1_stress": 0.8333333333333334,
        "acc": 0.8857142857142857
      }
    },
    "S6": {
      "42": {
        "f1_stress": 0.8,
        "acc": 0.8529411764705882
      }
    },
    "S7": {
      "42": {
        "f1_stress": 1.0,
        "acc": 1.0
      }
    },
    "S8": {
      "42": {
        "f1_stress": 1.0,
        "acc": 1.0
      }
    },
    "S9": {
      "42": {
        "f1_stress": 1.0,
        "acc": 1.0
      }
    },
    "S10": {
      "42": {
        "f1_stress": 0.9565217391304348,
        "acc": 0.9714285714285714
      }
    },
    "S11": {
      "42": {
        "f1_stress": 0.7058823529411765,
        "acc": 0.8571428571428571
      }
    },
    "S13": {
      "42": {
        "f1_stress": 1.0,
        "acc": 1.0
      }
    },
    "S14": {
      "42": {
        "f1_stress": 0.5217391304347826,
        "acc": 0.6944444444444444
      }
    },
    "S15": {
      "42": {
        "f1_stress": 0.782608695652174,
        "acc": 0.8611111111111112
      }
    },
    "S16": {
      "42": {
        "f1_stress": 1.0,
        "acc": 1.0
      }
    },
    "S17": {
      "42": {
        "f1_stress": 0.0,
        "acc": 0.4722222222222222
      }
    }
  },
  "drop_ACC": {
    "S2": {
      "42": {
        "f1_stress": 0.9523809523809523,
        "acc": 0.9696969696969697
      }
    },
    "S3": {
      "42": {
        "f1_stress": 0.8181818181818182,
        "acc": 0.8787878787878788
      }
    },
    "S4": {
      "42": {
        "f1_stress": 1.0,
        "acc": 1.0
      }
    },
    "S5": {
      "42": {
        "f1_stress": 0.9090909090909091,
        "acc": 0.9428571428571428
      }
    },
    "S6": {
      "42": {
        "f1_stress": 0.7692307692307693,
        "acc": 0.8235294117647058
      }
    },
    "S7": {
      "42": {
        "f1_stress": 0.9523809523809523,
        "acc": 0.9714285714285714
      }
    },
    "S8": {
      "42": {
        "f1_stress": 1.0,
        "acc": 1.0
      }
    },
    "S9": {
      "42": {
        "f1_stress": 0.8,
        "acc": 0.8484848484848485
      }
    },
    "S10": {
      "42": {
        "f1_stress": 0.9565217391304348,
        "acc": 0.9714285714285714
      }
    },
    "S11": {
      "42": {
        "f1_stress": 0.5882352941176471,
        "acc": 0.8
      }
    },
    "S13": {
      "42": {
        "f1_stress": 1.0,
        "acc": 1.0
      }
    },
    "S14": {
      "42": {
        "f1_stress": 0.64,
        "acc": 0.75
      }
    },
    "S15": {
      "42": {
        "f1_stress": 0.7272727272727273,
        "acc": 0.8333333333333334
      }
    },
    "S16": {
      "42": {
        "f1_stress": 1.0,
        "acc": 1.0
      }
    },
    "S17": {
      "42": {
        "f1_stress": 0.0,
        "acc": 0.5555555555555556
      }
    }
  },
  "drop_BVP": {
    "S2": {
      "42": {
        "f1_stress": 0.9523809523809523,
        "acc": 0.9696969696969697
      }
    },
    "S3": {
      "42": {
        "f1_stress": 0.5,
        "acc": 0.696969696969697
      }
    },
    "S4": {
      "42": {
        "f1_stress": 1.0,
        "acc": 1.0
      }
    },
    "S5": {
      "42": {
        "f1_stress": 0.8333333333333334,
        "acc": 0.8857142857142857
      }
    },
    "S6": {
      "42": {
        "f1_stress": 0.7692307692307693,
        "acc": 0.8235294117647058
      }
    },
    "S7": {
      "42": {
        "f1_stress": 0.9090909090909091,
        "acc": 0.9428571428571428
      }
    },
    "S8": {
      "42": {
        "f1_stress": 0.9090909090909091,
        "acc": 0.9428571428571428
      }
    },
    "S9": {
      "42": {
        "f1_stress": 1.0,
        "acc": 1.0
      }
    },
    "S10": {
      "42": {
        "f1_stress": 0.9565217391304348,
        "acc": 0.9714285714285714
      }
    },
    "S11": {
      "42": {
        "f1_stress": 0.5714285714285714,
        "acc": 0.7428571428571429
      }
    },
    "S13": {
      "42": {
        "f1_stress": 1.0,
        "acc": 1.0
      }
    },
    "S14": {
      "42": {
        "f1_stress": 0.3448275862068966,
        "acc": 0.4722222222222222
      }
    },
    "S15": {
      "42": {
        "f1_stress": 0.782608695652174,
        "acc": 0.8611111111111112
      }
    },
    "S16": {
      "42": {
        "f1_stress": 1.0,
        "acc": 1.0
      }
    },
    "S17": {
      "42": {
        "f1_stress": 0.0,
        "acc": 0.4444444444444444
      }
    }
  },
  "drop_EDA": {
    "S2": {
      "42": {
        "f1_stress": 0.75,
        "acc": 0.8787878787878788
      }
    },
    "S3": {
      "42": {
        "f1_stress": 0.35294117647058826,
        "acc": 0.6666666666666666
      }
    },
    "S4": {
      "42": {
        "f1_stress": 0.2,
        "acc": 0.7575757575757576
      }
    },
    "S5": {
      "42": {
        "f1_stress": 0.7692307692307693,
        "acc": 0.8285714285714286
      }
    },
    "S6": {
      "42": {
        "f1_stress": 0.11764705882352941,
        "acc": 0.5588235294117647
      }
    },
    "S7": {
      "42": {
        "f1_stress": 1.0,
        "acc": 1.0
      }
    },
    "S8": {
      "42": {
        "f1_stress": 0.42857142857142855,
        "acc": 0.7714285714285715
      }
    },
    "S9": {
      "42": {
        "f1_stress": 0.16666666666666666,
        "acc": 0.696969696969697
      }
    },
    "S10": {
      "42": {
        "f1_stress": 0.5806451612903226,
        "acc": 0.6285714285714286
      }
    },
    "S11": {
      "42": {
        "f1_stress": 0.8421052631578947,
        "acc": 0.9142857142857143
      }
    },
    "S13": {
      "42": {
        "f1_stress": 0.9473684210526315,
        "acc": 0.9714285714285714
      }
    },
    "S14": {
      "42": {
        "f1_stress": 0.42105263157894735,
        "acc": 0.6944444444444444
      }
    },
    "S15": {
      "42": {
        "f1_stress": 0.1111111111111111,
        "acc": 0.5555555555555556
      }
    },
    "S16": {
      "42": {
        "f1_stress": 0.16666666666666666,
        "acc": 0.7142857142857143
      }
    },
    "S17": {
      "42": {
        "f1_stress": 0.5333333333333333,
        "acc": 0.8055555555555556
      }
    }
  },
  "drop_TEMP": {
    "S2": {
      "42": {
        "f1_stress": 0.9523809523809523,
        "acc": 0.9696969696969697
      }
    },
    "S3": {
      "42": {
        "f1_stress": 0.32,
        "acc": 0.48484848484848486
      }
    },
    "S4": {
      "42": {
        "f1_stress": 0.8,
        "acc": 0.9090909090909091
      }
    },
    "S5": {
      "42": {
        "f1_stress": 0.8,
        "acc": 0.8571428571428571
      }
    },
    "S6": {
      "42": {
        "f1_stress": 1.0,
        "acc": 1.0
      }
    },
    "S7": {
      "42": {
        "f1_stress": 1.0,
        "acc": 1.0
      }
    },
    "S8": {
      "42": {
        "f1_stress": 0.9523809523809523,
        "acc": 0.9714285714285714
      }
    },
    "S9": {
      "42": {
        "f1_stress": 1.0,
        "acc": 1.0
      }
    },
    "S10": {
      "42": {
        "f1_stress": 1.0,
        "acc": 1.0
      }
    },
    "S11": {
      "42": {
        "f1_stress": 0.5882352941176471,
        "acc": 0.8
      }
    },
    "S13": {
      "42": {
        "f1_stress": 1.0,
        "acc": 1.0
      }
    },
    "S14": {
      "42": {
        "f1_stress": 0.7777777777777778,
        "acc": 0.8888888888888888
      }
    },
    "S15": {
      "42": {
        "f1_stress": 1.0,
        "acc": 1.0
      }
    },
    "S16": {
      "42": {
        "f1_stress": 1.0,
        "acc": 1.0
      }
    },
    "S17": {
      "42": {
        "f1_stress": 0.0,
        "acc": 0.4722222222222222
      }
    }
  },